<?xml version="1.0" encoding="UTF-8"?>
<!DOCTYPE mapper PUBLIC "-//mybatis.org//DTD Mapper 3.0//EN" "http://mybatis.org/dtd/mybatis-3-mapper.dtd">
<mapper namespace="net.codejava.ProductMapper">
    <resultMap id="BaseResultMap" type="net.codejava.Product">
        <!--
          WARNING - @mbg.generated
          This element is automatically generated by MyBatis Generator, do not modify.
          This element was generated on Tue Nov 01 16:42:21 CST 2022.
        -->
        <id column="id" jdbcType="INTEGER" property="id" />
        <result column="name" jdbcType="VARCHAR" property="name" />
        <result column="brand" jdbcType="VARCHAR" property="brand" />
        <result column="madein" jdbcType="VARCHAR" property="madein" />
        <result column="price" jdbcType="REAL" property="price" />
    </resultMap>
    <delete id="deleteByPrimaryKey" parameterType="java.lang.Integer">
        <!--
          WARNING - @mbg.generated
          This element is automatically generated by MyBatis Generator, do not modify.
          This element was generated on Tue Nov 01 16:42:21 CST 2022.
        -->
        delete from product
        where id = #{id,jdbcType=INTEGER}
    </delete>
    <insert id="insert" parameterType="net.codejava.Product">
        <!--
          WARNING - @mbg.generated
          This element is automatically generated by MyBatis Generator, do not modify.
          This element was generated on Tue Nov 01 16:42:21 CST 2022.
        -->
        <selectKey keyProperty="id" order="AFTER" resultType="java.lang.Integer">
            SELECT LAST_INSERT_ID()
        </selectKey>
        insert into product (name, brand, madein,
        price)
        values (#{name,jdbcType=VARCHAR}, #{brand,jdbcType=VARCHAR}, #{madein,jdbcType=VARCHAR},
        #{price,jdbcType=REAL})
    </insert>
    <update id="updateByPrimaryKey" parameterType="net.codejava.Product">
        <!--
          WARNING - @mbg.generated
          This element is automatically generated by MyBatis Generator, do not modify.
          This element was generated on Tue Nov 01 16:42:21 CST 2022.
        -->
        update product
        set name = #{name,jdbcType=VARCHAR},
        brand = #{brand,jdbcType=VARCHAR},
        madein = #{madein,jdbcType=VARCHAR},
        price = #{price,jdbcType=REAL}
        where id = #{id,jdbcType=INTEGER}
    </update>
    <select id="selectByPrimaryKey" parameterType="java.lang.Integer" resultMap="BaseResultMap">
        <!--
          WARNING - @mbg.generated
          This element is automatically generated by MyBatis Generator, do not modify.
          This element was generated on Tue Nov 01 16:42:21 CST 2022.
        -->
        select id, name, brand, madein, price
        from product
        where id = #{id,jdbcType=INTEGER}
    </select>
    <select id="selectAll" resultMap="BaseResultMap">
        <!--
          WARNING - @mbg.generated
          This element is automatically generated by MyBatis Generator, do not modify.
          This element was generated on Tue Nov 01 16:42:21 CST 2022.
        -->
        select id, name, brand, madein, price
        from product
    </select>

    <select id="listAllSortPageContainingCount" parameterType="java.lang.String" resultType="java.lang.Integer">
        select count(*) from product WHERE CONCAT(id, ' ', name, ' ' , brand, ' ' , madein, ' ' , price) LIKE CONCAT('%',#{keyword},'%')
    </select>


</mapper>
